num_embeddings,lib,k,avg_time,stddev_time
247,VLite,5,0.0806598981221517,0.039813273558057916
247,Chroma,5,0.011837069193522136,0.0007999224355428761
