num_embeddings,lib,k,avg_time,stddev_time
100,VLite,10,0.027763175964355468,0.00800809228911633
100,Chroma,10,0.01120138168334961,0.0007185277906601368
