num_embeddings,lib,k,avg_time,stddev_time
1000,VLite,10,0.04129942258199056,0.017501896222282258
100,Chroma,10,0.009797890981038412,0.0009234565504933956
100,Pinecone,10,0.16487833658854167,0.08497645698026642
