num_embeddings,lib,k,avg_time,stddev_time
247,VLite,5,0.034257666269938154,0.017507133844513453
247,Chroma,5,0.015795183181762696,0.009772551428859034
