num_embeddings,num_dims,lib,k,avg_time,stddev_time
1000,384,VLite,10,0.004921865463256836,0.00359673268466623
1000,384,hnswlib,10,0.00017595291137695312,1.7617826323004665e-05
2000,384,VLite,10,0.0014043807983398437,0.001464858500523111
2000,384,hnswlib,10,0.0002071857452392578,2.5587545768181574e-05
5000,384,VLite,10,0.0041827201843261715,0.005265689279565682
5000,384,hnswlib,10,0.00023183822631835937,1.3430903884312574e-05
