num_embeddings,lib,k,avg_time,stddev_time
235,VLite,5,0.03276017506917318,0.027164118079813587
247,Chroma,5,0.014480225245157878,0.002629152173774238
