num_tokens,lib,num_embeddings,indexing_time
45094,VLite,1000,1.7736811637878418
45094,Chroma,100,2.4684178829193115
45094,Pinecone,100,3.359985113143921
